,,,,,,,,,,,,,
LISTADO DE RECURSOS DE GENERACIÓN,,,,,,,,,,,,,
,,,,,,,,,,,,,
Código SIC,Nombre Recurso,Capacidad Efectiva Neta [MW],Factor de Conversión,Es Menor,Tipo Despacho,Combustible por Defecto,Fecha Operación,Municipio,Departamento,Agente Representante,Estado Recurso,Tipo Generación,Clasificación
3JNR,AUTOG UNIBOL 1,5,7.5,SI,ND,GAS,02/11/2024,BARRANQUILLA,ATLÁNTICO,ENERCO S.A. E.S.P.,OPERACIÓN,TERMICA,AUTOGENERADOR
TCBE,TERMOCARIBE III 1,42,8.703,NO,DC,GAS,11/24/2022,SANTA ROSADE LIMA,BOLÍVAR,TERMO CARIBE S.A.S. E.S.P.,PRUEBAS,TERMICA,NORMAL
3C3X,AUTOG INGENIO MARIA LUISA,2,0,NO,ND,BAGAZO,08/14/2021,FLORIDA,VALLE DEL CAUCA,DEPI ENERGY S.A.S. E.S.P.,OPERACIÓN,TERMICA,AUTOGENERADOR
3AXV,AGPE INGENIO DE OCCIDENTE,1,0,NO,ND,BAGAZO,03/04/2021,VILLA RICA,CAUCA,EMPRESA MUNICIPAL DE ENERGIA ELECTRICA S.A. E.S.P.,OPERACIÓN,TERMICA,AUTOG PEQ. ESCALA
3AL6,AGPE ENTREPALMAS,1,0,NO,ND,BIOGAS,12/31/2020,SAN MARTIN,META,CELSIA COLOMBIA S.A. E.S.P.,OPERACIÓN,TERMICA,AUTOG PEQ. ESCALA
2YQO,AUTOG FERTICOL,17,1,NO,ND,GAS,02/28/2020,BARRANCABERMEJA,SANTANDER,CEMEX ENERGY S.A.S E.S.P.,INACTIVO,TERMICA,AUTOGENERADOR
2YWY,AUTOG TURGAS,4,1,NO,ND,GAS,02/08/2020,MARIQUITA,TOLIMA,TERMOPIEDRAS S.A. E.S.P.,OPERACIÓN,TERMICA,AUTOGENERADOR
2YB9,AUTOG ECOPETROL ORITO,4,0,NO,ND,GAS,11/07/2019,ORITO,PUTUMAYO,GENERADORA Y COMERCIALIZADORA DE ENERGIA DEL CARIBE S.A. E.S.P.,PRUEBAS,TERMICA,AUTOGENERADOR
2XXR,AGPE - ECOPETROL LA HORMIGA,1,1,NO,ND,GAS,09/16/2019,VALLE DEL GUAMUEZ,PUTUMAYO,GENERADORA Y COMERCIALIZADORA DE ENERGIA DEL CARIBE S.A. E.S.P.,OPERACIÓN,TERMICA,AUTOG PEQ. ESCALA
2Y2T,AUTOG CDS TM2500,20,0,NO,ND,GAS,10/31/2019,VILLAVICENCIO,META,ELECTRIFICADORA DEL META S.A. E.S.P.,INACTIVO,TERMICA,AUTOGENERADOR
2XXX,AUTOG TERMOSURIA,20,0,NO,ND,GAS,10/31/2019,VILLAVICENCIO,META,ELECTRIFICADORA DEL META S.A. E.S.P.,INACTIVO,TERMICA,AUTOGENERADOR
TYP5,TERMOYOPAL G5,50,8.0585,NO,DC,GAS,02/11/2021,YOPAL,CASANARE,TERMOYOPAL GENERACION 2 S.A.S E.S.P.,OPERACIÓN,TERMICA,NORMAL
TYP4,TERMOYOPAL G4,50,8.3937,NO,DC,GAS,08/31/2020,YOPAL,CASANARE,TERMOYOPAL GENERACION 2 S.A.S E.S.P.,OPERACIÓN,TERMICA,NORMAL
TYP3,TERMOYOPAL G3,50,8.4932,NO,DC,GAS,08/31/2020,YOPAL,CASANARE,TERMOYOPAL GENERACION 2 S.A.S E.S.P.,OPERACIÓN,TERMICA,NORMAL
2WFN,TERMOCAPACHOS,10,0,SI,ND,GAS,08/04/2019,TAME,ARAUCA,GENERSA S.A.S. E.S.P.,OPERACIÓN,TERMICA,NORMAL
2W4Y,AUTOG FAMILIA,1,1,NO,ND,GAS,03/23/2019,MEDELLÍN,ANTIOQUIA,DEPI ENERGY S.A.S. E.S.P.,INACTIVO,TERMICA,AUTOGENERADOR
2V27,AUTOG COCA-COLA FEMSA,2,1,NO,ND,GAS,07/25/2018,TOCANCIPA,CUNDINAMARCA,DEPI ENERGY S.A.S. E.S.P.,OPERACIÓN,TERMICA,AUTOGENERADOR
2U91,TERMOMECHERO 6,19,0,SI,ND,GAS,02/02/2018,YOPAL,CASANARE,TERMO MECHERO MORRO S.A.S E.S.P ,OPERACIÓN,TERMICA,NORMAL
2U8Y,TERMOMECHERO 5,19,0,SI,ND,GAS,12/16/2017,YOPAL,CASANARE,TERMO MECHERO MORRO S.A.S E.S.P ,OPERACIÓN,TERMICA,NORMAL
2U93,TERMOMECHERO 4,19,0,SI,ND,GAS,02/02/2018,YOPAL,CASANARE,TERMO MECHERO MORRO S.A.S E.S.P ,OPERACIÓN,TERMICA,NORMAL
GE32,GECELCA 32,270,10.2484,NO,DC,CARBON,09/28/2018,PTO. LIBERTADOR,CÓRDOBA,GENERADORA Y COMERCIALIZADORA DE ENERGIA DEL CARIBE S.A. E.S.P.,OPERACIÓN,TERMICA,NORMAL
2U5P,PROENCA II,17,0.1,SI,ND,CARBON,10/10/2017,GUACHENÉ,CAUCA,PROYECTOS ENERGETICOS DEL CAUCA S.A. E.S.P.,OPERACIÓN,TERMICA,NORMAL
2S9Q,TEQUENDAMA BIOGAS,2,0,SI,ND,BIOGAS,06/25/2016,FUNDACION,MAGDALENA,VOLTAJE EMPRESARIAL S.A.S. E.S.P.,OPERACIÓN,TERMICA,NORMAL
2S8S,DOÑA JUANA,2,0,SI,ND,BIOGAS,04/29/2016,BOGOTA D.C,BOGOTÁ. D.C.,BIOGAS COLOMBIA S.A.S. E.S.P ,OPERACIÓN,TERMICA,NORMAL
2S8I,AUTOG REFICAR,10,0,NO,ND,GAS,04/26/2016,CARTAGENA,BOLÍVAR,GENERADORA Y COMERCIALIZADORA DE ENERGIA DEL CARIBE S.A. E.S.P.,OPERACIÓN,TERMICA,AUTOGENERADOR
2S6Q,AUTOG YAGUARITO,2,0,NO,ND,BIOGAS,03/22/2016,SAN CARLOSGUAROA,META,ELECTRIFICADORA DEL META S.A. E.S.P.,OPERACIÓN,TERMICA,AUTOGENERADOR
2S6S,AUTOG ARGOS YUMBO,10,0,NO,ND,CARBON,03/20/2016,YUMBO,VALLE DEL CAUCA,CELSIA COLOMBIA S.A. E.S.P.,OPERACIÓN,TERMICA,AUTOGENERADOR
2V25,AUTOG ARGOS SOGAMOSO 1,15,0,NO,ND,CARBON,10/02/2018,SOGAMOSO,BOYACÁ,EMPRESAS PUBLICAS DE MEDELLIN E.S.P.,OPERACIÓN,TERMICA,AUTOGENERADOR
ARG1,AUTOG ARGOS CARTAGENA,16,8.95,NO,ND,GAS,03/15/2016,CARTAGENA,BOLÍVAR,CELSIA COLOMBIA S.A. E.S.P.,OPERACIÓN,TERMICA,AUTOGENERADOR
TMB1,TERMOBOLIVAR 1,10,0,SI,ND,GAS,03/04/2016,TOPAGA,BOYACÁ,GENERSA S.A.S. E.S.P.,OPERACIÓN,TERMICA,NORMAL
TSJ2,TASAJERO 2,170,10.1502,NO,DC,CARBON,11/30/2015,SAN CAYETANO,NORTE DE SANTANDER,TERMOTASAJERO DOS S.A. E.S.P. ,OPERACIÓN,TERMICA,NORMAL
PRF1,PURIFICACION,8,11.148,SI,ND,GAS,11/25/2014,PURIFICACION,TOLIMA,SURENERGY S.A.S. E.S.P.,INACTIVO,TERMICA,NORMAL
GEC3,GECELCA 3,164,10.1434,NO,DC,CARBON,09/17/2015,PTO. LIBERTADOR,CÓRDOBA,GENERADORA Y COMERCIALIZADORA DE ENERGIA DEL CARIBE S.A. E.S.P.,OPERACIÓN,TERMICA,NORMAL
CTM1,EL MORRO 1,20,12.4,SI,ND,GAS,05/23/2007,YOPAL,CASANARE,TERMOYOPAL GENERACION 2 S.A.S E.S.P.,INACTIVO,TERMICA,NORMAL
CTM2,EL MORRO 2,20,13.84,SI,ND,GAS,08/09/2007,YOPAL,CASANARE,TERMOYOPAL GENERACION 2 S.A.S E.S.P.,INACTIVO,TERMICA,NORMAL
CIMR,CIMARRON,20,13.5,SI,ND,GAS,08/18/2007,YOPAL,CASANARE,TERMOYOPAL GENERACION 2 S.A.S E.S.P.,INACTIVO,TERMICA,NORMAL
TPD1,TERMOPIEDRAS,4,0,SI,ND,GAS,12/30/1999,PIEDRAS,TOLIMA,TERMOPIEDRAS S.A. E.S.P.,OPERACIÓN,TERMICA,NORMAL
PPA4,PAIPA 4,165,9.2991,NO,DC,CARBON,01/08/1999,PAIPA,BOYACÁ,COMPAÑÍA ELÉCTRICA DE SOCHAGOTA  S.A. E.S.P.,OPERACIÓN,TERMICA,NORMAL
MRL1,MERILECTRICA 1,164,9.0003,NO,DC,GAS,02/05/1998,BARRANCABERMEJA,SANTANDER,CELSIA COLOMBIA S.A. E.S.P.,OPERACIÓN,TERMICA,NORMAL
TDR1,TERMODORADA 1,50,9.663,NO,DC,GAS,08/11/1997,LA DORADA,CALDAS,EMPRESAS PUBLICAS DE MEDELLIN E.S.P.,OPERACIÓN,TERMICA,NORMAL
ZPA5,ZIPAEMG 5,63,12.6678,NO,DC,CARBON,12/14/1985,TOCANCIPA,CUNDINAMARCA,ENEL COLOMBIA SA ESP,OPERACIÓN,TERMICA,NORMAL
ZPA4,ZIPAEMG 4,64,12.9999,NO,DC,CARBON,04/01/1981,TOCANCIPA,CUNDINAMARCA,ENEL COLOMBIA SA ESP,OPERACIÓN,TERMICA,NORMAL
ZPA3,ZIPAEMG 3,63,11.7024,NO,DC,CARBON,01/01/1976,TOCANCIPA,CUNDINAMARCA,ENEL COLOMBIA SA ESP,OPERACIÓN,TERMICA,NORMAL
ZPA2,ZIPAEMG 2,36,11.4401,NO,DC,CARBON,01/01/1964,TOCANCIPA,CUNDINAMARCA,ENEL COLOMBIA SA ESP,OPERACIÓN,TERMICA,NORMAL
TSJ1,TASAJERO 1,165,9.2374,NO,DC,CARBON,02/20/1985,SAN CAYETANO,NORTE DE SANTANDER,TERMOTASAJERO S.A. E.S.P.,OPERACIÓN,TERMICA,NORMAL
PRG2,PROELECTRICA 2,45,8.0707,NO,DC,GAS,07/01/1993,CARTAGENA,BOLÍVAR,PROELECTRICA S.A.S E.S.P.,OPERACIÓN,TERMICA,NORMAL
PRG1,PROELECTRICA 1,45,8.2719,NO,DC,GAS,07/01/1993,CARTAGENA,BOLÍVAR,PROELECTRICA S.A.S E.S.P.,OPERACIÓN,TERMICA,NORMAL
PLQ3,PALENQUE 3,13,14.3162,NO,DC,GAS,01/01/1972,GIRON,SANTANDER,ELECTRIFICADORA DE SANTANDER S.A. E.S.P.,INACTIVO,TERMICA,NORMAL
PPA3,PAIPA 3,70,11.4369,NO,DC,CARBON,05/06/1982,PAIPA,BOYACÁ,GESTION ENERGETICA S.A. E.S.P.,OPERACIÓN,TERMICA,NORMAL
PPA2,PAIPA 2,72,10.5569,NO,DC,CARBON,01/01/1975,PAIPA,BOYACÁ,GESTION ENERGETICA S.A. E.S.P.,OPERACIÓN,TERMICA,NORMAL
PPA1,PAIPA 1,36,12.4335,NO,DC,CARBON,01/01/1963,PAIPA,BOYACÁ,GESTION ENERGETICA S.A. E.S.P.,OPERACIÓN,TERMICA,NORMAL
TGJ2,GUAJIRA 2,130,10.216,NO,DC,MEZCLA GAS - CARBÓN,11/23/1987,DIBULLA,LA GUAJIRA,GENERADORA Y COMERCIALIZADORA DE ENERGIA DEL CARIBE S.A. E.S.P.,OPERACIÓN,TERMICA,NORMAL
TGJ1,GUAJIRA 1,145,10.1549,NO,DC,CARBON,08/08/1983,DIBULLA,LA GUAJIRA,GENERADORA Y COMERCIALIZADORA DE ENERGIA DEL CARIBE S.A. E.S.P.,OPERACIÓN,TERMICA,NORMAL
VLL1,VALLE 1,40,0,NO,DC,ACPM,01/01/1994,CALI,VALLE DEL CAUCA,CENTRAL HIDROELECTRICA DE BETANIA S.A. E.S.P.,INACTIVO,TERMICA,NORMAL
TBU3,TIBU 3,5,0,NO,DC,DIESEL MAR,01/01/1965,TIBU,NORTE DE SANTANDER,CENTRALES ELECTRICAS DEL NORTE DE SANTANDER S.A. E.S.P.,INACTIVO,TERMICA,NORMAL
TBU2,TIBU 2,5,0,NO,DC,DIESEL MAR,01/01/1965,TIBU,NORTE DE SANTANDER,CENTRALES ELECTRICAS DEL NORTE DE SANTANDER S.A. E.S.P.,INACTIVO,TERMICA,NORMAL
TBU1,TIBU 1,5,0,NO,DC,DIESEL MAR,01/01/1965,TIBU,NORTE DE SANTANDER,CENTRALES ELECTRICAS DEL NORTE DE SANTANDER S.A. E.S.P.,INACTIVO,TERMICA,NORMAL
RMAR,RIOMAR 1,9,0,NO,DC,GAS,07/20/1995,BARRANQUILLA,ATLÁNTICO,ELECTRIFICADORA DEL ATLANTICO S.A. E.S.P.,INACTIVO,TERMICA,NORMAL
PLQ4,PALENQUE 4,14,0,NO,DC,GAS,07/20/1995,GIRON,SANTANDER,ELECTRIFICADORA DE SANTANDER S.A. E.S.P.,INACTIVO,TERMICA,NORMAL
LNN4,LA UNION 4,9,0,NO,DC,GAS,01/01/1971,BARRANQUILLA,ATLÁNTICO,ELECTRIFICADORA DEL ATLANTICO S.A. E.S.P.,INACTIVO,TERMICA,NORMAL
LNN3,LA UNION 3,18,0,NO,DC,GAS,01/01/1971,BARRANQUILLA,ATLÁNTICO,ELECTRIFICADORA DEL ATLANTICO S.A. E.S.P.,INACTIVO,TERMICA,NORMAL
LNN2,LA UNION 2,9,0,NO,DC,GAS,01/01/1971,BARRANQUILLA,ATLÁNTICO,ELECTRIFICADORA DEL ATLANTICO S.A. E.S.P.,INACTIVO,TERMICA,NORMAL
LNN1,LA UNION 1,8,0,NO,DC,GAS,01/01/1971,BARRANQUILLA,ATLÁNTICO,ELECTRIFICADORA DEL ATLANTICO S.A. E.S.P.,INACTIVO,TERMICA,NORMAL
ERO8,EL RIO 8,11,0,NO,DC,GAS,01/01/1972,BARRANQUILLA,ATLÁNTICO,ELECTRIFICADORA DEL ATLANTICO S.A. E.S.P.,INACTIVO,TERMICA,NORMAL
ERO7,EL RIO 7,10,0,NO,DC,GAS,01/01/1972,BARRANQUILLA,ATLÁNTICO,ELECTRIFICADORA DEL ATLANTICO S.A. E.S.P.,INACTIVO,TERMICA,NORMAL
CTG3,CARTAGENA 3,66,11.522,NO,DC,GAS,01/01/1980,CARTAGENA,BOLÍVAR,NITRO ENERGY COLOMBIA S.A.S. E.S.P.,OPERACIÓN,TERMICA,NORMAL
CTG2,CARTAGENA 2,60,11.8104,NO,DC,GAS,01/01/1980,CARTAGENA,BOLÍVAR,NITRO ENERGY COLOMBIA S.A.S. E.S.P.,OPERACIÓN,TERMICA,NORMAL
CTG1,CARTAGENA 1,52,13.665,NO,DC,GAS,07/20/1995,CARTAGENA,BOLÍVAR,NITRO ENERGY COLOMBIA S.A.S. E.S.P.,OPERACIÓN,TERMICA,NORMAL
TBQ4,BARRANQUILLA 4,60,11.6696,NO,DC,GAS,01/01/1980,SOLEDAD,ATLÁNTICO,TERMOBARRANQUILLA S.A. EMPRESA DE SERVICIOS PUBLICOS,OPERACIÓN,TERMICA,NORMAL
TBQ3,BARRANQUILLA 3,60,10.5077,NO,DC,GAS,01/01/1980,SOLEDAD,ATLÁNTICO,TERMOBARRANQUILLA S.A. EMPRESA DE SERVICIOS PUBLICOS,OPERACIÓN,TERMICA,NORMAL
TYP1,TERMOYOPAL 1,8,13.5515,NO,DC,GAS,12/01/2020,YOPAL,CASANARE,TERMOYOPAL GENERACION 2 S.A.S E.S.P.,OPERACIÓN,TERMICA,NORMAL
TYP2,TERMOYOPAL 2,28,12.0234,NO,DC,GAS,07/29/2004,YOPAL,CASANARE,TERMOYOPAL GENERACION 2 S.A.S E.S.P.,OPERACIÓN,TERMICA,NORMAL
BRN3,BARRANCA 3,24,0,NO,DC,ACPM,03/20/2016,BARRANCABERMEJA,SANTANDER,EMPRESAS PUBLICAS DE MEDELLIN E.S.P.,INACTIVO,TERMICA,NORMAL
BRN2,BARRANCA 2,12,0,SI,DC,GAS,02/01/2016,BARRANCABERMEJA,SANTANDER,EMPRESAS PUBLICAS DE MEDELLIN E.S.P.,INACTIVO,TERMICA,NORMAL
BRN1,BARRANCA 1,12,13.26,SI,DC,ACPM,03/20/2016,BARRANCABERMEJA,SANTANDER,EMPRESAS PUBLICAS DE MEDELLIN E.S.P.,INACTIVO,TERMICA,NORMAL
ERO6,EL RIO 6,10,0,NO,DC,GAS,01/01/1972,BARRANQUILLA,ATLÁNTICO,ELECTRIFICADORA DEL ATLANTICO S.A. E.S.P.,INACTIVO,TERMICA,NORMAL
ERO5,EL RIO 5,4,0,NO,DC,GAS,01/01/1972,BARRANQUILLA,ATLÁNTICO,ELECTRIFICADORA DEL ATLANTICO S.A. E.S.P.,INACTIVO,TERMICA,NORMAL
ERO4,EL RIO 4,5,0,NO,DC,GAS,01/01/1972,BARRANQUILLA,ATLÁNTICO,ELECTRIFICADORA DEL ATLANTICO S.A. E.S.P.,INACTIVO,TERMICA,NORMAL
ERO3,EL RIO 3,5,0,NO,DC,GAS,01/01/1972,BARRANQUILLA,ATLÁNTICO,ELECTRIFICADORA DEL ATLANTICO S.A. E.S.P.,INACTIVO,TERMICA,NORMAL
ERO2,EL RIO 2,4,0,NO,DC,GAS,01/01/1972,BARRANQUILLA,ATLÁNTICO,ELECTRIFICADORA DEL ATLANTICO S.A. E.S.P.,INACTIVO,TERMICA,NORMAL
ERO1,EL RIO 1,2,0,NO,DC,GAS,01/01/1972,BARRANQUILLA,ATLÁNTICO,ELECTRIFICADORA DEL ATLANTICO S.A. E.S.P.,INACTIVO,TERMICA,NORMAL
BLL2,BALLENA 2,13,0,NO,DC,GAS,01/01/1983,RIOHACHA,LA GUAJIRA,CORPORACION ELECTRICA DE LA COSTA ATLANTICA S.A. E.S.P.,INACTIVO,TERMICA,NORMAL
BLL1,BALLENA 1,13,0,NO,DC,GAS,01/01/1983,RIOHACHA,LA GUAJIRA,CORPORACION ELECTRICA DE LA COSTA ATLANTICA S.A. E.S.P.,INACTIVO,TERMICA,NORMAL
3JPC,GD CHICORAL,1,0,SI,ND,RAD SOLAR,02/29/2024,FLANDES,TOLIMA,CELSIA COLOMBIA S.A. E.S.P.,PRUEBAS,SOLAR,GEN. DISTRIBUIDA
3JPE,GD LOS CHORROS,1,0,SI,ND,RAD SOLAR,02/16/2024,FLANDES,TOLIMA,CELSIA COLOMBIA S.A. E.S.P.,OPERACIÓN,SOLAR,GEN. DISTRIBUIDA
3JQA,GD EL BANCO,1,0,SI,ND,RAD SOLAR,02/22/2024,ARMERO,TOLIMA,CELSIA COLOMBIA S.A. E.S.P.,OPERACIÓN,SOLAR,GEN. DISTRIBUIDA
3JP8,GD LA URIBE,1,0,SI,ND,RAD SOLAR,02/29/2024,LA VICTORIA,VALLE DEL CAUCA,CELSIA COLOMBIA S.A. E.S.P.,PRUEBAS,SOLAR,GEN. DISTRIBUIDA
3JPA,GD ALFEREZ,1,0,SI,ND,RAD SOLAR,02/22/2024,CALI,VALLE DEL CAUCA,CELSIA COLOMBIA S.A. E.S.P.,OPERACIÓN,SOLAR,GEN. DISTRIBUIDA
3JP6,GD BASILICA,1,0,SI,ND,RAD SOLAR,02/16/2024,BUGA,VALLE DEL CAUCA,CELSIA COLOMBIA S.A. E.S.P.,OPERACIÓN,SOLAR,GEN. DISTRIBUIDA
3JQC,GANDALF,1,0,SI,ND,RAD SOLAR,02/22/2024,SAN DIEGO,CESAR,UNERGY ENERGY DIGITAL S.A.S E.S.P,OPERACIÓN,SOLAR,GEN. DISTRIBUIDA
3JQE,CANAHUATE,1,0,SI,ND,RAD SOLAR,02/22/2024,SAN DIEGO,CESAR,UNERGY ENERGY DIGITAL S.A.S E.S.P,OPERACIÓN,SOLAR,GEN. DISTRIBUIDA
3JPM,BARAYA,1,0,SI,ND,RAD SOLAR,02/18/2024,GALERAS,SUCRE,UNERGY ENERGY DIGITAL S.A.S E.S.P,OPERACIÓN,SOLAR,GEN. DISTRIBUIDA
3JPK,MINIGRANJA SAN PEDRO,1,0,SI,ND,RAD SOLAR,02/27/2024,SAN PEDRO,SUCRE,NITRO ENERGY COLOMBIA S.A.S. E.S.P.,OPERACIÓN,SOLAR,GEN. DISTRIBUIDA
3JBP,LA NENERA,1,0,SI,ND,RAD SOLAR,01/13/2024,SAN JUAN NEPOMUC.,BOLÍVAR,ERCO GENERACION S.A.S. ESP,OPERACIÓN,SOLAR,GEN. DISTRIBUIDA
3J83,GUAMO,9,0,SI,ND,RAD SOLAR,10/31/2023,GUAMO,TOLIMA,ERCO GENERACION S.A.S. ESP,PRUEBAS,SOLAR,NORMAL
3J85,NUMBANA,10,0,SI,ND,RAD SOLAR,10/31/2023,GUAMO,TOLIMA,ERCO GENERACION S.A.S. ESP,PRUEBAS,SOLAR,NORMAL
3J1J,PARQUE SOLAR HONDA I,10,0,SI,ND,RAD SOLAR,12/28/2023,GUADUAS,CUNDINAMARCA,ATLÁNTICA COLOMBIA S.A.S. E.S.P.,OPERACIÓN,SOLAR,NORMAL
3J4D,CAIMAN CIENAGUERO,9,0,SI,ND,RAD SOLAR,12/15/2023,CIENAGA,MAGDALENA,GREENYELLOW COMERCIALIZADORA S.A.S. E.S.P.,OPERACIÓN,SOLAR,NORMAL
3J2H,PETALO DE CORDOBA II,10,0,SI,ND,RAD SOLAR,12/16/2023,CHINU,CÓRDOBA,BCCY CORDOBA S.A.S. E.S.P.,OPERACIÓN,SOLAR,NORMAL
TPUY,PARQUE SOLAR TEPUY,83,0,NO,DC,RAD SOLAR,09/30/2023,LA DORADA,CALDAS,EMPRESAS PUBLICAS DE MEDELLIN E.S.P.,PRUEBAS,SOLAR,NORMAL
3J4V,PARQUE SOLAR LA MENA,9,0,SI,ND,RAD SOLAR,02/16/2024,SAN CARLOSGUAROA,META,GREENYELLOW COMERCIALIZADORA S.A.S. E.S.P.,OPERACIÓN,SOLAR,NORMAL
3J4T,PARQUE SOLAR VERSALLES,9,0,SI,ND,RAD SOLAR,09/30/2023,SAN JUANDE ARAMA,META,GREENYELLOW COMERCIALIZADORA S.A.S. E.S.P.,PRUEBAS,SOLAR,NORMAL
3J4R,PARQUE SOLAR DINAMARCA,9,0,SI,ND,RAD SOLAR,09/30/2023,SAN JUANDE ARAMA,META,GREENYELLOW COMERCIALIZADORA S.A.S. E.S.P.,PRUEBAS,SOLAR,NORMAL
3IS2,PARQUE SOLAR ARENAL,2,0,SI,ND,RAD SOLAR,12/30/2023,SAN ESTANISLAO,BOLÍVAR,NITRO ENERGY COLOMBIA S.A.S. E.S.P.,OPERACIÓN,SOLAR,NORMAL
3INX,CARACOLI I,50,0,NO,DC,RAD SOLAR,07/31/2023,MALAMBO,ATLÁNTICO,SOL DE LAS CIÉNAGAS S.A.S. E.S.P.,PRUEBAS,SOLAR,NORMAL
3IRZ,LA CASCADA DE GRANADA,2,1.8,SI,ND,AGUA,09/30/2023,GRANADA,ANTIOQUIA,SANTA FE ENERGY ZOMAC S.A.S. E.S.P.,OPERACIÓN,HIDRAULICA,NORMAL
3IRX,PORTON DEL SOL,102,0,NO,DC,RAD SOLAR,05/31/2023,LA DORADA,CALDAS,PARQUE SOLAR PORTON DEL SOL SAS ESP,PRUEBAS,SOLAR,NORMAL
3HWK,AGPE EL ENCANTO,1,0,SI,ND,RAD SOLAR,06/08/2023,POLONUEVO,ATLÁNTICO,ENERMAS SAS ESP,OPERACIÓN,SOLAR,AUTOG PEQ. ESCALA
3HG9,COMUNIDAD EL SALVADOR II,0,0,SI,ND,RAD SOLAR,03/24/2023,MEDELLÍN,ANTIOQUIA,ERCO GENERACION S.A.S. ESP,OPERACIÓN,SOLAR,GEN. DISTRIBUIDA
3HG7,COMUNIDAD EL SALVADOR I,0,0,SI,ND,RAD SOLAR,03/24/2023,MEDELLÍN,ANTIOQUIA,ERCO GENERACION S.A.S. ESP,OPERACIÓN,SOLAR,GEN. DISTRIBUIDA
3HF5,FUNDACION,100,0,NO,DC,RAD SOLAR,02/28/2023,FUNDACION,MAGDALENA,ENEL COLOMBIA SA ESP,PRUEBAS,SOLAR,NORMAL
3HDE,SAN BARTOLOME,20,1.5474,SI,ND,AGUA,05/14/2023,GUAPOTA,SANTANDER,PCH SAN BARTOLOME S.A.S. E.S.P. ,OPERACIÓN,HIDRAULICA,NORMAL
3HYG,URUACO,1,0,SI,ND,RAD SOLAR,06/18/2023,LURUACO,ATLÁNTICO,UNERGY ENERGY DIGITAL S.A.S E.S.P,OPERACIÓN,SOLAR,NORMAL
3HF7,CELSIA SOLAR LA VICTORIA II,20,0,SI,ND,RAD SOLAR,08/30/2023,LA VICTORIA,VALLE DEL CAUCA,CELSIA COLOMBIA S.A. E.S.P.,OPERACIÓN,SOLAR,NORMAL
3HLD,LOS GIRASOLES,10,0,SI,ND,RAD SOLAR,08/05/2023,ABREGO,NORTE DE SANTANDER,PARQUE SOLAR LOS GIRASOLES S.A.S ESP,OPERACIÓN,SOLAR,NORMAL
3HF9,CELSIA SOLAR LA VICTORIA I,20,0,SI,ND,RAD SOLAR,08/30/2023,LA VICTORIA,VALLE DEL CAUCA,CELSIA COLOMBIA S.A. E.S.P.,OPERACIÓN,SOLAR,NORMAL
3HWM,PETALO DEL MAGDALENA,10,0,SI,ND,RAD SOLAR,08/05/2023,ZONA BANANERA,MAGDALENA,CELSIA COLOMBIA S.A. E.S.P.,OPERACIÓN,SOLAR,NORMAL
3HE8,AUTOG CELSIA SOLAR PALMIRA 3 ZONA FRANCA,3,0,NO,ND,RAD SOLAR,04/30/2023,PALMIRA,VALLE DEL CAUCA,CELSIA COLOMBIA S.A. E.S.P.,OPERACIÓN,SOLAR,AUTOGENERADOR
MATA,LA MATA,80,0,NO,DC,RAD SOLAR,02/28/2023,LA GLORIA,CESAR,SPK LA MATA S.A.S E.S.P,PRUEBAS,SOLAR,NORMAL
3IZ6,PARQUE SOLAR LA UNION,100,0,NO,DC,RAD SOLAR,02/28/2023,SAN CARLOS,CÓRDOBA,SPK LA UNIÓN S.A.S. E.S.P.,PRUEBAS,SOLAR,NORMAL
3IJF,AUTOG COSTAYACO,2,0.0865,NO,ND,GAS,09/04/2023,VILLAGARZON,PUTUMAYO,DEPI ENERGY S.A.S. E.S.P.,OPERACIÓN,TERMICA,AUTOGENERADOR
3J2B,SOLAR PLANETA RICA,20,0,SI,ND,RAD SOLAR,12/31/2022,PLANETA RICA,CÓRDOBA,CELSIA COLOMBIA S.A. E.S.P.,PRUEBAS,SOLAR,NORMAL
3IQA,SUNNORTE,35,0,NO,DC,RAD SOLAR,12/31/2022,OCANA,NORTE DE SANTANDER,GENERSOL S.A.S. E.S.P.,PRUEBAS,SOLAR,NORMAL
3GVM,CELSIA SOLAR YUMA,9,0,SI,ND,RAD SOLAR,03/27/2023,FLANDES,TOLIMA,CELSIA COLOMBIA S.A. E.S.P.,OPERACIÓN,SOLAR,NORMAL
3GVK,CELSIA SOLAR DULIMA,20,0,SI,ND,RAD SOLAR,03/27/2023,FLANDES,TOLIMA,CELSIA COLOMBIA S.A. E.S.P.,OPERACIÓN,SOLAR,NORMAL
3GVI,GRANJA SOLAR FLANDES,20,0,SI,ND,RAD SOLAR,03/27/2023,FLANDES,TOLIMA,CELSIA COLOMBIA S.A. E.S.P.,OPERACIÓN,SOLAR,NORMAL
RUB1,TERMOEBR,19,8.49,NO,DC,ACPM,12/25/2022,PUERTO GAITAN,META,PROELECTRICA S.A.S E.S.P.,INACTIVO,TERMICA,NORMAL
JAG1,TERMOPROYECTOS,19,7.26,NO,DC,ACPM,12/25/2022,TAURAMENA,CASANARE,PROELECTRICA S.A.S E.S.P.,INACTIVO,TERMICA,NORMAL
3GSF,AUTOG BUGA I GRASAS,4,0,NO,ND,RAD SOLAR,04/15/2023,BUGA,VALLE DEL CAUCA,CELSIA COLOMBIA S.A. E.S.P.,OPERACIÓN,SOLAR,AUTOGENERADOR
3IRI,ITUANGO_P,600,1.769,NO,DC,AGUA,12/31/2022,ITUANGO,ANTIOQUIA,EMPRESAS PUBLICAS DE MEDELLIN E.S.P.,INACTIVO,HIDRAULICA,NORMAL
3GJU,AUTOG INGENIO CARMELITA,5,16.15,NO,ND,BAGAZO,12/30/2022,RIOFRIO,VALLE DEL CAUCA,DEPI ENERGY S.A.S. E.S.P.,OPERACIÓN,TERMICA,AUTOGENERADOR
3HS9,AUTOG BUGA I SOLLA,5,0,SI,ND,RAD SOLAR,06/16/2023,BUGALAGRANDE,VALLE DEL CAUCA,CELSIA COLOMBIA S.A. E.S.P.,OPERACIÓN,SOLAR,AUTOGENERADOR
3GPZ,MONTELIBANO,10,0,SI,ND,RAD SOLAR,12/21/2022,MONTELIBANO,CÓRDOBA,CELSIA COLOMBIA S.A. E.S.P.,OPERACIÓN,SOLAR,NORMAL
3FCD,AUTOG CELSIA SOLAR PALMIRA 3,5,0,NO,ND,RAD SOLAR,04/30/2023,PALMIRA,VALLE DEL CAUCA,CELSIA COLOMBIA S.A. E.S.P.,OPERACIÓN,SOLAR,AUTOGENERADOR
3FCF,GRANJA SOLAR LANCEROS,9,0,SI,ND,RAD SOLAR,01/30/2023,MELGAR,TOLIMA,CELSIA COLOMBIA S.A. E.S.P.,OPERACIÓN,SOLAR,NORMAL
3GRD,GRANJA SOLAR SAN FELIPE,9,0,SI,ND,RAD SOLAR,01/30/2023,ARMERO,TOLIMA,CELSIA COLOMBIA S.A. E.S.P.,OPERACIÓN,SOLAR,NORMAL
3GI6,GRANJA SOLAR EL SALADO,0,0,SI,ND,RAD SOLAR,06/17/2023,DAGUA,VALLE DEL CAUCA,FUENTES DE ENERGIAS RENOVABLES S.A.S. E.S.P.,OPERACIÓN,SOLAR,NORMAL
3GJQ,TERMOTASAJERO DOS SOLAR,4,0,SI,ND,RAD SOLAR,12/26/2022,SAN CAYETANO,NORTE DE SANTANDER,TERMOTASAJERO DOS S.A. E.S.P. ,OPERACIÓN,SOLAR,NORMAL
GYPO,GUAYEPO,370,0,NO,DC,RAD SOLAR,09/30/2022,PONEDERA,ATLÁNTICO,ENEL COLOMBIA SA ESP,PRUEBAS,SOLAR,NORMAL
3GFQ,AGPE FERCH2,0,0,SI,ND,RAD SOLAR,11/17/2022,FLORIDABLANCA,SANTANDER,ENERMAS SAS ESP,OPERACIÓN,SOLAR,AUTOG PEQ. ESCALA
3HBN,TIERRA LINDA,10,0,SI,ND,RAD SOLAR,04/04/2023,CHINU,CÓRDOBA,ATLÁNTICA COLOMBIA S.A.S. E.S.P.,OPERACIÓN,SOLAR,NORMAL
3HBP,LA TOLUA,20,0,SI,ND,RAD SOLAR,04/04/2023,SAMPUES,SUCRE,ATLÁNTICA COLOMBIA S.A.S. E.S.P.,OPERACIÓN,SOLAR,NORMAL
3EXH,PARQUE EOLICO WESP01,12,0.001,SI,ND,VIENTO,08/31/2022,URIBIA,LA GUAJIRA,ISAGEN S.A. E.S.P.,PRUEBAS,EOLICA,NORMAL
3HDG,OIBITA,20,1.6205,SI,ND,AGUA,05/14/2023,GUAPOTA,SANTANDER,PCH SAN BARTOLOME S.A.S. E.S.P. ,OPERACIÓN,HIDRAULICA,NORMAL
3EXB,CERRITOS,10,0.001,SI,ND,RAD SOLAR,09/19/2022,MARIQUITA,TOLIMA,CELSIA COLOMBIA S.A. E.S.P.,OPERACIÓN,SOLAR,NORMAL
3EV1,LOS CABALLEROS,10,0.001,SI,ND,RAD SOLAR,09/15/2022,ARMERO,TOLIMA,CELSIA COLOMBIA S.A. E.S.P.,OPERACIÓN,SOLAR,NORMAL
3EV3,LA MEDINA,10,0.001,SI,ND,RAD SOLAR,09/15/2022,MARIQUITA,TOLIMA,CELSIA COLOMBIA S.A. E.S.P.,OPERACIÓN,SOLAR,NORMAL
3EP6,AUTOG CELSIA SOLAR HARINAS,2,0.001,NO,ND,RAD SOLAR,09/21/2022,TULUA,VALLE DEL CAUCA,CELSIA COLOMBIA S.A. E.S.P.,OPERACIÓN,SOLAR,AUTOGENERADOR
3ENE,SINCE,19,0.001,SI,ND,RAD SOLAR,09/10/2022,SINCE,SUCRE,CELSIA COLOMBIA S.A. E.S.P.,OPERACIÓN,SOLAR,NORMAL
3ENA,TESORITO,200,7.5166,NO,DC,GAS,09/14/2022,SAHAGUN,CÓRDOBA,CELSIA COLOMBIA S.A. E.S.P.,OPERACIÓN,TERMICA,NORMAL
3EDL,BOSQUES SOLARES DE LOS LLANOS 5,18,0.001,SI,ND,RAD SOLAR,09/12/2022,PUERTO GAITAN,META,ISAGEN S.A. E.S.P.,OPERACIÓN,SOLAR,NORMAL
3EFY,BOSQUES SOLARES DE LOS LLANOS 4,20,0,SI,ND,RAD SOLAR,09/12/2022,PUERTO GAITAN,META,ISAGEN S.A. E.S.P.,OPERACIÓN,SOLAR,NORMAL
3EBN,GR PARQUE SOLAR TUCANES,10,0.001,SI,ND,RAD SOLAR,05/31/2022,CARTAGENA,BOLÍVAR,CELSIA COLOMBIA S.A. E.S.P.,OPERACIÓN,SOLAR,NORMAL
3E9I,ZEUS,10,1.4143,SI,ND,AGUA,05/19/2022,DON MATIAS,ANTIOQUIA,CENTRAL HIDROELÉCTRICA ZEUS SAS ESP,OPERACIÓN,HIDRAULICA,NORMAL
3EE4,PARQUE EOLICO GUAJIRA I,20,0.001,SI,ND,VIENTO,04/30/2022,URIBIA,LA GUAJIRA,ISAGEN S.A. E.S.P.,PRUEBAS,EOLICA,NORMAL
3E7C,AUTOG CELSIA SOLAR LEVAPAN,5,0.001,NO,ND,RAD SOLAR,06/11/2022,TULUA,VALLE DEL CAUCA,CELSIA COLOMBIA S.A. E.S.P.,OPERACIÓN,SOLAR,AUTOGENERADOR
3E+098,AUTOG COLOMBINA DEL CAUCA,0,0,NO,ND,RAD SOLAR,05/30/2022,SANTANDER DE QUILICHAO,CAUCA,COMPAÑIA ENERGETICA DE OCCIDENTE S.A.S. ESP,OPERACIÓN,SOLAR,AUTOGENERADOR
3ED1,AUTOG GRAN COLOMBIA GOLD,1,1.9,NO,ND,AGUA,05/31/2022,REMEDIOS,ANTIOQUIA,PROELECTRICA S.A.S E.S.P.,OPERACIÓN,HIDRAULICA,AUTOGENERADOR
3DSO,HELIOS I,16,0,SI,ND,RAD SOLAR,03/03/2022,VILLAVICENCIO,META,EMPRESA DE ENERGIA DE BOYACA S.A. E.S.P.,OPERACIÓN,SOLAR,NORMAL
3F5N,AUTOG PINTUCO,1,0,NO,ND,RAD SOLAR,08/25/2023,RIONEGRO,ANTIOQUIA,ERCO GENERACION S.A.S. ESP,OPERACIÓN,SOLAR,AUTOGENERADOR
3F5L,AUTOG CI JEANS,1,0,NO,ND,RAD SOLAR,08/25/2023,LA ESTRELLA,ANTIOQUIA,ERCO GENERACION S.A.S. ESP,OPERACIÓN,SOLAR,AUTOGENERADOR
3DXJ,LAS VIOLETAS,1,0.5559,SI,ND,AGUA,03/30/2022,SAN ROQUE,ANTIOQUIA,P.CH EL COCUYO SAS ESP,OPERACIÓN,HIDRAULICA,NORMAL
TCDT,TERMOCANDELARIA CC,555,6.488,NO,DC,GAS,10/27/2023,CARTAGENA,BOLÍVAR,TERMOCANDELARIA S.A.S. - E.S.P. ,OPERACIÓN,TERMICA,CICLO COMBINADO
3CSH,GY SOLAR AURORA,10,0,SI,ND,RAD SOLAR,08/11/2022,PLANETA RICA,CÓRDOBA,GREENYELLOW COMERCIALIZADORA S.A.S. E.S.P.,OPERACIÓN,SOLAR,NORMAL
3CG9,LA CHORRERA,15,10,SI,ND,AGUA,05/31/2022,SAN ANDRES,ANTIOQUIA,HIDROENERGIA DE LA MONTAÑA S.A.S E.S.P,OPERACIÓN,HIDRAULICA,NORMAL
3BZB,CELSIA SOLAR LA PAILA,10,0,SI,ND,RAD SOLAR,08/07/2021,ZARZAL,VALLE DEL CAUCA,CELSIA COLOMBIA S.A. E.S.P.,OPERACIÓN,SOLAR,NORMAL
3C3Z,LA SIERPE,20,0,SI,ND,RAD SOLAR,09/25/2021,MAJAGUAL,SUCRE,ATLÁNTICA COLOMBIA S.A.S. E.S.P.,OPERACIÓN,SOLAR,NORMAL
3C4V,AUTOG TERMOTAME,5,0,SI,ND,GAS,09/02/2021,TAME,ARAUCA,GENERSA S.A.S. E.S.P.,OPERACIÓN,TERMICA,AUTOGENERADOR
3B4L,GRANJA SOLAR BELMONTE,5,0,SI,ND,RAD SOLAR,04/30/2021,PEREIRA,RISARALDA,EMPRESA DE ENERGIA DE PEREIRA S.A. E.S.P.,OPERACIÓN,SOLAR,NORMAL
3DDT,LATAM SOLAR LA LOMA,150,0.001,NO,DC,RAD SOLAR,12/31/2021,EL PASO,CESAR,ENEL COLOMBIA SA ESP,PRUEBAS,SOLAR,NORMAL
3ADA,AUTOG PTAR BELLO,5,0,SI,ND,BIOGAS,11/30/2020,BELLO,ANTIOQUIA,EMPRESAS PUBLICAS DE MEDELLIN E.S.P.,OPERACIÓN,TERMICA,AUTOGENERADOR
3ACC,CELSIA SOLAR CARMELO,10,0.001,SI,ND,RAD SOLAR,12/27/2020,CANDELARIA,VALLE DEL CAUCA,CELSIA COLOMBIA S.A. E.S.P.,OPERACIÓN,SOLAR,AUTOGENERADOR
3AQP,CAUYA,2,0.75,SI,ND,AGUA,04/25/2022,ANSERMA,CALDAS,SANTA FE ENERGY ZOMAC S.A.S. E.S.P.,OPERACIÓN,HIDRAULICA,NORMAL
TFL4,FLORES 4 CC,445,7.0066,NO,DC,GAS,12/01/2010,BARRANQUILLA,ATLÁNTICO,PRIME TERMOFLORES S.A.S. E.S.P.,OPERACIÓN,TERMICA,CICLO COMBINADO
TRN1,TERMONORTE,88,8.09,NO,DC,GAS,12/01/2018,SANTA MARTA,MAGDALENA,TERMONORTE S.A.S. E.S.P.,OPERACIÓN,TERMICA,NORMAL
TRM1,TERMOCENTRO CC,272,7.372,NO,DC,GAS,11/30/2000,CIMITARRA,SANTANDER,GENERADORA TERMOCENTRO S.A.S. E.S.P.,OPERACIÓN,TERMICA,CICLO COMBINADO
TFL1,FLORES I CC,160,7.267,NO,DC,GAS,11/01/1993,BARRANQUILLA,ATLÁNTICO,PRIME TERMOFLORES S.A.S. E.S.P.,OPERACIÓN,TERMICA,CICLO COMBINADO
TSR1,TERMOSIERRA CC,433,6.2688,NO,DC,GAS,02/07/1998,PTO NARE,ANTIOQUIA,EMPRESAS PUBLICAS DE MEDELLIN E.S.P.,OPERACIÓN,TERMICA,CICLO COMBINADO
TVL1,TERMOVALLE CC,241,6.5573,NO,DC,ACPM,12/17/2011,PALMIRA,VALLE DEL CAUCA,PRIME TERMOVALLE S.A.S EMPRESA DE SERVICIOS PUBLICOS,OPERACIÓN,TERMICA,CICLO COMBINADO
TEC1,TERMOEMCALI CC,229,6.9386,NO,DC,GAS,07/16/1999,PALMIRA,VALLE DEL CAUCA,TERMOEMCALI I S.A. E.S.P.,OPERACIÓN,TERMICA,CICLO COMBINADO
TBST,TEBSAB CC,791,7.1898,NO,DC,GAS,10/21/1989,SOLEDAD,ATLÁNTICO,TERMOBARRANQUILLA S.A. EMPRESA DE SERVICIOS PUBLICOS,OPERACIÓN,TERMICA,CICLO COMBINADO
3AFQ,POCUNE,1,1.018,SI,ND,AGUA,12/31/2020,REMEDIOS,ANTIOQUIA,SPECTRUM RENOVAVEIS S.A.S. E.S.P.,OPERACIÓN,HIDRAULICA,NORMAL
3A44,PLANTA SOLAR BAYUNCA I,3,0,SI,ND,RAD SOLAR,09/30/2020,CARTAGENA,BOLÍVAR,4E GROUP S.A.S E.S.P.,OPERACIÓN,SOLAR,NORMAL
TR3G,TRINA-VATIA BSLIII,20,0,SI,ND,RAD SOLAR,11/30/2020,PUERTO GAITAN,META,ISAGEN S.A. E.S.P.,OPERACIÓN,SOLAR,NORMAL
2ZP9,TRINA-VATIA BSLI,20,0,SI,ND,RAD SOLAR,09/10/2020,PUERTO GAITAN,META,ISAGEN S.A. E.S.P.,OPERACIÓN,SOLAR,NORMAL
TR2G,TRINA-VATIA BSLII,20,0,SI,ND,RAD SOLAR,01/22/2021,PUERTO GAITAN,META,ISAGEN S.A. E.S.P.,OPERACIÓN,SOLAR,NORMAL
2ZHY,CELSIA SOLAR ESPINAL,10,0.001,SI,ND,RAD SOLAR,05/31/2020,ESPINAL,TOLIMA,CELSIA COLOMBIA S.A. E.S.P.,OPERACIÓN,SOLAR,NORMAL
2ZCF,SAN ANDRES DE CUERQUIA,20,4.58,SI,ND,AGUA,06/11/2020,SAN ANDRES,ANTIOQUIA,CELSIA COLOMBIA S.A. E.S.P.,OPERACIÓN,HIDRAULICA,NORMAL
2YIR,PCH LA LIBERTAD,1,1.111,SI,ND,AGUA,03/14/2020,TOCA,BOYACÁ,EMPRESA GENERADORA Y COMERCIALIZADORA DE ENERGIA ELECTRICA DE COLOMBIA S.A. E.S.P.,OPERACIÓN,HIDRAULICA,NORMAL
2VJS,CELSIA SOLAR BOLIVAR,8,0,SI,ND,RAD SOLAR,02/03/2019,SANTA ROSADE LIMA,BOLÍVAR,CELSIA COLOMBIA S.A. E.S.P.,OPERACIÓN,SOLAR,NORMAL
2TYI,AUTOG CELSIA SOLAR YUMBO,10,0,NO,ND,RAD SOLAR,09/03/2017,YUMBO,VALLE DEL CAUCA,CELSIA COLOMBIA S.A. E.S.P.,OPERACIÓN,SOLAR,AUTOGENERADOR
HMIN,ESCUELA DE MINAS,55,1.603,NO,DC,AGUA,09/30/2019,MARINILLA,ANTIOQUIA,HIDROELECTRICA DEL ALTO PORCE S.A.S. E.S.P.,OPERACIÓN,HIDRAULICA,FILO DE AGUA
2YNA,HIDROBARRANCAS,5,4.7,SI,ND,AGUA,11/26/2020,DABEIBA,ANTIOQUIA,HIDROELECTRICA BARRANCAS SAS ESP,OPERACIÓN,HIDRAULICA,NORMAL
2WC5,MULATOS II,7,1.41,SI,ND,AGUA,08/26/2019,TARSO,ANTIOQUIA,ENERGIA DEL SUROESTE S.A. E.S.P.,OPERACIÓN,HIDRAULICA,NORMAL
EPFV,EL PASO,67,0,NO,DC,RAD SOLAR,12/02/2019,EL PASO,CESAR,ENEL COLOMBIA SA ESP,PRUEBAS,SOLAR,NORMAL
2V5G,JUAN GARCIA,5,1,SI,ND,AGUA,09/12/2018,LIBORINA,ANTIOQUIA,EMPRESA DE GENERACION Y PROMOCION DE ENERGIA DE ANTIOQUIA S.A. E.S.P.,OPERACIÓN,HIDRAULICA,NORMAL
2UX3,AURES BAJO,19,0.98,SI,ND,AGUA,12/12/2018,SONSON,ANTIOQUIA,AURES BAJO S.A.S. E.S.P.,OPERACIÓN,HIDRAULICA,NORMAL
2UR5,SAN JOSE DE LA MONTAÑA II,1,0.301,SI,ND,AGUA,10/06/2018,S. JOSELA MONTA,ANTIOQUIA,EMPRESA DE GENERACION Y PROMOCION DE ENERGIA DE ANTIOQUIA S.A. E.S.P.,OPERACIÓN,HIDRAULICA,NORMAL
2UPH,TEQUENDAMA 4,14,1,SI,ND,AGUA,04/03/2018,SAN ANTONIODE TENA,CUNDINAMARCA,ENEL COLOMBIA SA ESP,OPERACIÓN,HIDRAULICA,NORMAL
2UPF,TEQUENDAMA 3,14,1,SI,ND,AGUA,04/03/2018,SAN ANTONIODE TENA,CUNDINAMARCA,ENEL COLOMBIA SA ESP,OPERACIÓN,HIDRAULICA,NORMAL
2UPD,TEQUENDAMA 2,14,1,SI,ND,AGUA,04/03/2018,SAN ANTONIODE TENA,CUNDINAMARCA,ENEL COLOMBIA SA ESP,OPERACIÓN,HIDRAULICA,NORMAL
2UPJ,TEQUENDAMA 1,14,1,SI,ND,AGUA,04/03/2018,SAN ANTONIODE TENA,CUNDINAMARCA,ENEL COLOMBIA SA ESP,OPERACIÓN,HIDRAULICA,NORMAL
2U1G,LAS PALMAS,3,0.15,SI,ND,AGUA,08/30/2017,SANTA ROSADE OSOS,ANTIOQUIA,VATIA S.A. E.S.P.,OPERACIÓN,HIDRAULICA,NORMAL
2TUV,LUZMA II,20,3.6351,SI,ND,AGUA,10/07/2017,AMALFI,ANTIOQUIA,ISAGEN S.A. E.S.P.,OPERACIÓN,HIDRAULICA,NORMAL
2TUT,LUZMA I,20,3.6594,SI,ND,AGUA,10/07/2017,AMALFI,ANTIOQUIA,ISAGEN S.A. E.S.P.,OPERACIÓN,HIDRAULICA,NORMAL
2T7D,AUTOG CANTAYUS,4,1.433,SI,ND,AGUA,05/20/2017,CISNEROS,ANTIOQUIA,GENERADORA Y COMERCIALIZADORA DE ENERGIA DEL CARIBE S.A. E.S.P.,OPERACIÓN,HIDRAULICA,AUTOGENERADOR
2T4P,SAN MATIAS,20,1.0237,SI,ND,AGUA,04/25/2017,COCORNA,ANTIOQUIA,ISAGEN S.A. E.S.P.,OPERACIÓN,HIDRAULICA,NORMAL
2T1L,EL MOLINO,20,1.0236,SI,ND,AGUA,04/19/2017,COCORNA,ANTIOQUIA,ISAGEN S.A. E.S.P.,OPERACIÓN,HIDRAULICA,NORMAL
2SW1,EL EDEN,20,3.7092,SI,ND,AGUA,03/02/2017,PENSILVANIA,CALDAS,PROELECTRICA S.A.S E.S.P.,OPERACIÓN,HIDRAULICA,NORMAL
2SS2,MAGALLO,6,0,SI,ND,AGUA,12/22/2016,CONCORDIA,ANTIOQUIA,CENTRAL HIDROELÉCTRICA CONCORDIA S.A.S. E.S.P.,OPERACIÓN,HIDRAULICA,NORMAL
2SDR,ALEJANDRIA,15,0.94,SI,ND,AGUA,03/02/2017,ALEJANDRIA,ANTIOQUIA,GENERADORA ALEJANDRIA S.A.S. E.S.P.,OPERACIÓN,HIDRAULICA,NORMAL
2S9L,EL COCUYO,1,0.1,SI,ND,AGUA,05/20/2016,VERSALLES,VALLE DEL CAUCA,P.CH EL COCUYO SAS ESP,OPERACIÓN,HIDRAULICA,GEN. DISTRIBUIDA
2S8U,PORCE III MENOR,2,0.892,SI,ND,AGUA,04/25/2016,ANORI,ANTIOQUIA,EMPRESAS PUBLICAS DE MEDELLIN E.S.P.,OPERACIÓN,HIDRAULICA,NORMAL
2S8N,GUAVIO MENOR,10,0,SI,ND,AGUA,04/27/2016,UBALA,CUNDINAMARCA,ENEL COLOMBIA SA ESP,OPERACIÓN,HIDRAULICA,NORMAL
2S6U,AUTOG ARGOS EL CAIRO,7,0,NO,ND,AGUA,09/29/2017,SANTA BARBARA,ANTIOQUIA,EMPRESAS PUBLICAS DE MEDELLIN E.S.P.,OPERACIÓN,HIDRAULICA,AUTOGENERADOR
2SI1,MORRO AZUL,20,1.1306,SI,ND,AGUA,09/10/2016,BELEN DEUMBRIA,RISARALDA,RISARALDA ENERGIA S.A.S. E.S.P.,OPERACIÓN,HIDRAULICA,NORMAL
COE1,COELLO,1,0.001,SI,ND,AGUA,12/10/2016,COELLO,TOLIMA,ENERGETICA S.A. E.S.P.,OPERACIÓN,HIDRAULICA,NORMAL
2S78,LA FRISOLERA,0,0.5625,SI,ND,AGUA,04/29/2016,SALAMINA,CALDAS,GENERPUTUMAYO S.A.S. E.S.P.,OPERACIÓN,HIDRAULICA,GEN. DISTRIBUIDA
PRV1,PROVIDENCIA,5,0.1,SI,ND,AGUA,09/30/2015,ANORI,ANTIOQUIA,HZ ENERGY S.A.S. E.S.P.,OPERACIÓN,HIDRAULICA,NORMAL
CLL1,CARLOS LLERAS,78,1.1738,NO,DC,AGUA,11/22/2015,GIRARDOTA,ANTIOQUIA,HIDROELECTRICA DEL ALTO PORCE S.A.S. E.S.P.,OPERACIÓN,HIDRAULICA,FILO AGUA ESPECIAL
SMI1,SAN MIGUEL,50,1.4068,NO,DC,AGUA,12/23/2015,SAN FRANCISCO,ANTIOQUIA,ISAGEN S.A. E.S.P.,OPERACIÓN,HIDRAULICA,FILO DE AGUA
SOG1,SOGAMOSO,819,1.3808,NO,DC,AGUA,12/20/2014,GIRON,SANTANDER,ISAGEN S.A. E.S.P.,OPERACIÓN,HIDRAULICA,NORMAL
NAV1,LA NAVETA,5,0.1529,SI,ND,AGUA,11/27/2014,APULO (R.REYES),CUNDINAMARCA,IAC ENERGY S.A.S. E.S.P.,OPERACIÓN,HIDRAULICA,NORMAL
TUJ1,TUNJITA,20,2.4655,SI,ND,AGUA,06/30/2016,TUNJA,BOYACÁ,AES COLOMBIA & CIA. S.C.A. E.S.P.,OPERACIÓN,HIDRAULICA,NORMAL
2R22,LAGUNETA,18,2.509,SI,ND,AGUA,12/17/2014,SAN ANTONIODE TENA,CUNDINAMARCA,ENEL COLOMBIA SA ESP,OPERACIÓN,HIDRAULICA,NORMAL
2QV2,BAJO TULUA,20,1.65,SI,ND,AGUA,01/30/2015,TULUA,VALLE DEL CAUCA,CELSIA COLOMBIA S.A. E.S.P.,OPERACIÓN,HIDRAULICA,NORMAL
2QEK,SALTO II,35,3.4155,NO,DC,AGUA,06/25/2014,EL COLEGIO,CUNDINAMARCA,ENEL COLOMBIA SA ESP,OPERACIÓN,HIDRAULICA,FILO DE AGUA
2QBW,EL POPAL,20,1.442,SI,ND,AGUA,03/31/2014,COCORNA,ANTIOQUIA,ISAGEN S.A. E.S.P.,OPERACIÓN,HIDRAULICA,NORMAL
DVS1,DARIO VALENCIA SAMPER,150,8.0779,NO,DC,AGUA,11/10/2013,LA MESA,CUNDINAMARCA,ENEL COLOMBIA SA ESP,OPERACIÓN,HIDRAULICA,FILO DE AGUA
USQ1,USAQUEN,2,0.941,SI,ND,AGUA,04/15/2013,USAQUEN,BOGOTÁ. D.C.,ENEL COLOMBIA SA ESP,OPERACIÓN,HIDRAULICA,NORMAL
SBA1,SUBA,3,0.944,SI,ND,AGUA,04/15/2013,SUBA,BOGOTÁ. D.C.,ENEL COLOMBIA SA ESP,OPERACIÓN,HIDRAULICA,NORMAL
SFC1,SAN FRANCISCO (PUTUMAYO),0,0,SI,ND,AGUA,12/15/2012,SAN FRANCISCO,PUTUMAYO,GENERPUTUMAYO S.A.S. E.S.P.,OPERACIÓN,HIDRAULICA,GEN. DISTRIBUIDA
BAR1,BARROSO,20,3.2097,SI,ND,AGUA,11/30/2012,SALGAR,ANTIOQUIA,ISAGEN S.A. E.S.P.,OPERACIÓN,HIDRAULICA,NORMAL
SOGP,SOGAMOSO_P,546,1.3047,NO,DC,AGUA,12/31/2014,GIRON,SANTANDER,ISAGEN S.A. E.S.P.,INACTIVO,HIDRAULICA,NORMAL
QUI1,EL QUIMBO,400,1.0944,NO,DC,AGUA,11/16/2015,GIGANTE,HUILA,ENEL COLOMBIA SA ESP,OPERACIÓN,HIDRAULICA,NORMAL
PES1,ITUANGO,1200,1.8001,NO,DC,AGUA,12/01/2022,ITUANGO,ANTIOQUIA,EMPRESAS PUBLICAS DE MEDELLIN E.S.P.,OPERACIÓN,HIDRAULICA,NORMAL
CUC1,CUCUANA,56,5.9476,NO,DC,AGUA,07/29/2015,RONCESVALLES,TOLIMA,CELSIA COLOMBIA S.A. E.S.P.,OPERACIÓN,HIDRAULICA,FILO DE AGUA
HMO1,HIDROMONTAÑITAS,20,3.7,SI,ND,AGUA,06/14/2012,DON MATIAS,ANTIOQUIA,CELSIA COLOMBIA S.A. E.S.P.,OPERACIÓN,HIDRAULICA,NORMAL
ALTG,ALTO TULUA,20,2.23,SI,ND,AGUA,05/28/2012,TULUA,VALLE DEL CAUCA,CELSIA COLOMBIA S.A. E.S.P.,OPERACIÓN,HIDRAULICA,NORMAL
MOY1,AMOYA LA ESPERANZA,80,4.7978,NO,DC,AGUA,05/24/2013,CHAPARRAL,TOLIMA,ISAGEN S.A. E.S.P.,OPERACIÓN,HIDRAULICA,FILO DE AGUA
STG1,SANTIAGO,3,2.8,SI,ND,AGUA,01/08/2011,SANTO DOMINGO,ANTIOQUIA,HIDROTOLIMA S.A. E.S.P.,OPERACIÓN,HIDRAULICA,NORMAL
AMA1,AMAIME,19,1.55,SI,ND,AGUA,01/06/2011,PALMIRA,VALLE DEL CAUCA,CELSIA COLOMBIA S.A. E.S.P.,OPERACIÓN,HIDRAULICA,NORMAL
SRA1,SANTA RITA,1,0.675,SI,ND,AGUA,08/18/2010,ANDES,ANTIOQUIA,EMPRESA DE GENERACION Y PROMOCION DE ENERGIA DE ANTIOQUIA S.A. E.S.P.,OPERACIÓN,HIDRAULICA,NORMAL
CUR1,CURRUCUCUES,1,0.52,SI,ND,AGUA,08/18/2010,ROVIRA,TOLIMA,ENERCO S.A. E.S.P.,OPERACIÓN,HIDRAULICA,NORMAL
GQA1,GUANAQUITAS,10,1.4984,SI,ND,AGUA,06/30/2010,SANTA ROSADE OSOS,ANTIOQUIA,ISAGEN S.A. E.S.P.,OPERACIÓN,HIDRAULICA,NORMAL
PRC3,PORCE III,700,3.0756,NO,DC,AGUA,02/09/2011,ANORI,ANTIOQUIA,EMPRESAS PUBLICAS DE MEDELLIN E.S.P.,OPERACIÓN,HIDRAULICA,NORMAL
GCA1,CARUQUIA,10,1.53,SI,ND,AGUA,01/28/2010,SANTA ROSADE OSOS,ANTIOQUIA,ISAGEN S.A. E.S.P.,OPERACIÓN,HIDRAULICA,NORMAL
AFR1,AGUA FRESCA,7,0,SI,ND,AGUA,04/10/2008,JERICO,ANTIOQUIA,ENERGIA DEL RIO PIEDRAS S.A. E.S.P,OPERACIÓN,HIDRAULICA,NORMAL
INS1,INSULA,19,0.85,SI,ND,AGUA,07/20/1995,CHINCHINA,CALDAS,EMPRESAS PUBLICAS DE MEDELLIN E.S.P.,OPERACIÓN,HIDRAULICA,NORMAL
PRC2,PORCE II,405,2.0786,NO,DC,AGUA,04/08/2001,AMALFI,ANTIOQUIA,EMPRESAS PUBLICAS DE MEDELLIN E.S.P.,OPERACIÓN,HIDRAULICA,NORMAL
HMLG,MIEL I,396,1.9675,NO,DC,AGUA,12/01/2002,NORCASIA,CALDAS,ISAGEN S.A. E.S.P.,OPERACIÓN,HIDRAULICA,NORMAL
URA1,URRA,338,0.4815,NO,DC,AGUA,02/14/2000,TIERRALTA,CÓRDOBA,EMPRESA URRA S.A. E.S.P.,OPERACIÓN,HIDRAULICA,NORMAL
SAN1,SAN ANTONIO,19,3.6,SI,ND,AGUA,08/22/2003,BOGOTA D.C,BOGOTÁ. D.C.,ENEL COLOMBIA SA ESP,INACTIVO,HIDRAULICA,NORMAL
PRD4,PRADO IV,5,0.4904,SI,ND,AGUA,03/01/1973,PRADO,TOLIMA,CELSIA COLOMBIA S.A. E.S.P.,OPERACIÓN,HIDRAULICA,NORMAL
2QRL,LA REBUSCA,1,1.09,SI,ND,AGUA,07/24/2014,SAN ROQUE,ANTIOQUIA,HZ ENERGY S.A.S. E.S.P.,OPERACIÓN,HIDRAULICA,GEN. DISTRIBUIDA
PTC1,PATICO - LA CABRERA,1,0,SI,ND,AGUA,01/01/1930,POPAYAN,CAUCA,CCG ENERGY S.A.S. E.S.P.,OPERACIÓN,HIDRAULICA,NORMAL
CCN1,COCONUCO,5,0,SI,ND,AGUA,09/27/2000,POPAYAN,CAUCA,EMPRESA MUNICIPAL DE ENERGIA ELECTRICA S.A. E.S.P.,OPERACIÓN,HIDRAULICA,NORMAL
CLDR,CALDERAS,20,1.3143,SI,ND,AGUA,06/30/2006,SAN CARLOS,ANTIOQUIA,ISAGEN S.A. E.S.P.,OPERACIÓN,HIDRAULICA,NORMAL
PLU1,URRAO,1,0,SI,ND,AGUA,07/30/2007,URRAO,ANTIOQUIA,DEPI ENERGY S.A.S. E.S.P.,OPERACIÓN,HIDRAULICA,NORMAL
BSQ1,EL BOSQUE,2,0,SI,ND,AGUA,01/01/1935,ARMENIA,QUINDÍO,ENERGIA RENOVABLE DE COLOMBIA S.A. E.S.P.,OPERACIÓN,HIDRAULICA,NORMAL
ABJ1,LA CASCADA ( ABEJORRAL),3,0,SI,ND,AGUA,09/17/2007,ABEJORRAL,ANTIOQUIA,EMPRESA DE GENERACION Y PROMOCION DE ENERGIA DE ANTIOQUIA S.A. E.S.P.,OPERACIÓN,HIDRAULICA,NORMAL
LCS1,LA CASCADA (ANTIOQUIA),2,0.001,SI,ND,AGUA,07/17/2007,SAN ROQUE,ANTIOQUIA,VATIA S.A. E.S.P.,OPERACIÓN,HIDRAULICA,NORMAL
SNT1,SANTA ANA,8,0,SI,ND,AGUA,06/09/2005,UBALA,CUNDINAMARCA,ENEL COLOMBIA SA ESP,OPERACIÓN,HIDRAULICA,NORMAL
SJOG,SAN JOSE,0,0.0001,SI,ND,AGUA,11/16/2003,PENSILVANIA,CALDAS,FUENTES DE ENERGIAS RENOVABLES S.A.S. E.S.P.,OPERACIÓN,HIDRAULICA,GEN. DISTRIBUIDA
LPLO,RIO PALO,1,0,SI,ND,AGUA,01/01/1960,CALOTO,CAUCA,VATIA S.A. E.S.P.,OPERACIÓN,HIDRAULICA,NORMAL
MNC1,MUNICIPAL,1,0,SI,ND,AGUA,01/01/1935,MANIZALES,CALDAS,EMPRESAS PUBLICAS DE MEDELLIN E.S.P.,OPERACIÓN,HIDRAULICA,NORMAL
RBB1,RIO BOBO,4,0,SI,ND,AGUA,01/01/1960,SANTA ROSA,CAUCA,CENTRALES ELECTRICAS DE NARIÑO S.A. E.S.P.,OPERACIÓN,HIDRAULICA,NORMAL
RNG1,RIONEGRO,10,0,SI,ND,AGUA,01/01/1975,PUERTO SALGAR,CUNDINAMARCA,ESPACIO PRODUCTIVO S.A.S. E.S.P.,OPERACIÓN,HIDRAULICA,NORMAL
RGR1,RIO GRANDE,0,0,SI,ND,AGUA,12/01/2007,DON MATIAS,ANTIOQUIA,EMPRESAS PUBLICAS DE MEDELLIN E.S.P.,OPERACIÓN,HIDRAULICA,GEN. DISTRIBUIDA
RMR1,RUMOR,3,0.34,SI,ND,AGUA,01/01/1999,TULUA,VALLE DEL CAUCA,COMPAÑIA DE ELECTRICIDAD DE TULUA S.A. E.S.P.,OPERACIÓN,HIDRAULICA,NORMAL
PGUG,PAGUA,600,16.0306,NO,DC,AGUA,12/01/1986,LA MESA,CUNDINAMARCA,ENEL COLOMBIA SA ESP,OPERACIÓN,HIDRAULICA,NORMAL
GTRG,GUATRON,512,8.896,NO,DC,AGUA,01/01/1966,GOMEZ PLATA,ANTIOQUIA,EMPRESAS PUBLICAS DE MEDELLIN E.S.P.,OPERACIÓN,HIDRAULICA,NORMAL
ALBG,ALBAN,427,4.1754,NO,DC,AGUA,12/15/2000,BUENAVENTURA,VALLE DEL CAUCA,CELSIA COLOMBIA S.A. E.S.P.,OPERACIÓN,HIDRAULICA,NORMAL
RFR1,RIO FRIO I,2,0,SI,ND,AGUA,01/01/1954,RIOFRIO,VALLE DEL CAUCA,COMPAÑIA DE ELECTRICIDAD DE TULUA S.A. E.S.P.,OPERACIÓN,HIDRAULICA,NORMAL
RCL1,RIO CALI,2,0,SI,ND,AGUA,01/01/1925,CALI,VALLE DEL CAUCA,CELSIA COLOMBIA S.A. E.S.P.,OPERACIÓN,HIDRAULICA,NORMAL
VNTB,VENTANA B,3,0,SI,ND,AGUA,11/01/1957,CHICORAL,TOLIMA,HIDROTOLIMA S.A. E.S.P.,OPERACIÓN,HIDRAULICA,NORMAL
VNTA,VENTANA A,3,0,SI,ND,AGUA,11/01/1957,CHICORAL,TOLIMA,HIDROTOLIMA S.A. E.S.P.,OPERACIÓN,HIDRAULICA,NORMAL
RPD1,RIO PIEDRAS,20,1,SI,ND,AGUA,03/31/2000,JERICO,ANTIOQUIA,CELSIA COLOMBIA S.A. E.S.P.,OPERACIÓN,HIDRAULICA,NORMAL
PLM1,PALMAS SAN GIL,15,0,SI,ND,AGUA,01/01/1954,SAN GIL,SANTANDER,EMPRESAS PUBLICAS DE MEDELLIN E.S.P.,OPERACIÓN,HIDRAULICA,NORMAL
ZRG1,ZARAGOZA,1,0,SI,ND,AGUA,01/01/1932,BUCARAMANGA,SANTANDER,ELECTRIFICADORA DE SANTANDER S.A. E.S.P.,INACTIVO,HIDRAULICA,NORMAL
PJR1,PAJARITO,13,1.8726,SI,ND,AGUA,11/25/1999,YARUMAL,ANTIOQUIA,EMPRESAS PUBLICAS DE MEDELLIN E.S.P.,OPERACIÓN,HIDRAULICA,NORMAL
CSC1,CASCADA,3,0,SI,ND,AGUA,01/01/1954,BUCARAMANGA,SANTANDER,EMPRESAS PUBLICAS DE MEDELLIN E.S.P.,OPERACIÓN,HIDRAULICA,NORMAL
RCIO,RIO RECIO,1,0,SI,ND,AGUA,11/01/1958,LERIDA,TOLIMA,HIDROTOLIMA S.A. E.S.P.,OPERACIÓN,HIDRAULICA,GEN. DISTRIBUIDA
RFR2,RIO FRIO II,10,0,SI,ND,AGUA,01/01/1996,RIOFRIO,VALLE DEL CAUCA,COMPAÑIA DE ELECTRICIDAD DE TULUA S.A. E.S.P.,OPERACIÓN,HIDRAULICA,NORMAL
RBJ1,RIO ABAJO,1,0,SI,ND,AGUA,01/01/1947,SAN VICENTE,ANTIOQUIA,EMPRESAS PUBLICAS DE MEDELLIN E.S.P.,INACTIVO,HIDRAULICA,NORMAL
JBV1,JULIO BRAVO,2,0,SI,ND,AGUA,01/01/1942,PASTO,NARIÑO,CENTRALES ELECTRICAS DE NARIÑO S.A. E.S.P.,OPERACIÓN,HIDRAULICA,NORMAL
PTA1,LA PITA,1,0,SI,ND,AGUA,01/01/1965,GARZON,HUILA,ELECTRIFICADORA DEL HUILA S.A. E.S.P.,OPERACIÓN,HIDRAULICA,NORMAL
IQU2,IQUIRA II,1,0,SI,ND,AGUA,01/01/1965,IQUIRA,HUILA,ELECTRIFICADORA DEL HUILA S.A. E.S.P.,OPERACIÓN,HIDRAULICA,NORMAL
IQU1,IQUIRA I,4,0,SI,ND,AGUA,01/01/1955,IQUIRA,HUILA,ELECTRIFICADORA DEL HUILA S.A. E.S.P.,OPERACIÓN,HIDRAULICA,NORMAL
SLV1,SILVIA,0,0,SI,ND,AGUA,01/01/1994,SILVIA,CAUCA,VATIA S.A. E.S.P.,OPERACIÓN,HIDRAULICA,GEN. DISTRIBUIDA
SJN1,SAJANDI,3,0,SI,ND,AGUA,01/01/1995,PATIA (EL BORDO),CAUCA,VATIA S.A. E.S.P.,OPERACIÓN,HIDRAULICA,NORMAL
RIN1,RIO INGENIO,0,0,SI,ND,AGUA,01/01/1958,SANDONA,NARIÑO,CENTRALES ELECTRICAS DE NARIÑO S.A. E.S.P.,INACTIVO,HIDRAULICA,NORMAL
NTB1,NUTIBARA,1,1.125,SI,ND,AGUA,01/01/1997,MEDELLÍN,ANTIOQUIA,EMPRESAS PUBLICAS DE MEDELLIN E.S.P.,OPERACIÓN,HIDRAULICA,GEN. DISTRIBUIDA
MIR1,MIROLINDO,4,0,SI,ND,AGUA,11/03/2004,IBAGUE,TOLIMA,HIDROTOLIMA S.A. E.S.P.,OPERACIÓN,HIDRAULICA,NORMAL
INZ1,INZA,1,0,SI,ND,AGUA,02/05/2009,INZA,CAUCA,VATIA S.A. E.S.P.,OPERACIÓN,HIDRAULICA,GEN. DISTRIBUIDA
ASN1,ASNAZU,0,0,SI,ND,AGUA,01/01/1934,SUAREZ,CAUCA,VATIA S.A. E.S.P.,OPERACIÓN,HIDRAULICA,GEN. DISTRIBUIDA
UNN1,UNION,1,0.001,SI,ND,AGUA,01/01/1935,CALARCA,QUINDÍO,EMPRESAS PUBLICAS DE CALARCA ESP,OPERACIÓN,HIDRAULICA,GEN. DISTRIBUIDA
CPT1,CAMPESTRE (CALARCA),1,0.001,SI,ND,AGUA,01/01/1956,CALARCA,QUINDÍO,EMPRESAS PUBLICAS DE CALARCA ESP,OPERACIÓN,HIDRAULICA,NORMAL
BYN1,BAYONA,1,0.001,SI,ND,AGUA,01/01/1943,CALARCA,QUINDÍO,EMPRESAS PUBLICAS DE CALARCA ESP,OPERACIÓN,HIDRAULICA,GEN. DISTRIBUIDA
NQU1,NIQUIA,19,3.276,SI,ND,AGUA,06/28/1993,BELLO,ANTIOQUIA,EMPRESAS PUBLICAS DE MEDELLIN E.S.P.,OPERACIÓN,HIDRAULICA,NORMAL
BLM1,BELMONTE,3,0,SI,ND,AGUA,01/01/1939,PEREIRA,RISARALDA,EMPRESA DE ENERGIA DE PEREIRA S.A. E.S.P.,OPERACIÓN,HIDRAULICA,NORMAL
SNC1,SAN CANCIO,2,0,SI,ND,AGUA,01/01/1929,MANIZALES,CALDAS,EMPRESAS PUBLICAS DE MEDELLIN E.S.P.,OPERACIÓN,HIDRAULICA,NORMAL
MND1,MONDOMO,1,0,SI,ND,AGUA,01/01/1958,SANTANDER DE QUILICHAO,CAUCA,VATIA S.A. E.S.P.,OPERACIÓN,HIDRAULICA,GEN. DISTRIBUIDA
INT1,INTERMEDIA,1,0,SI,ND,AGUA,01/01/1974,MANIZALES,CALDAS,EMPRESAS PUBLICAS DE MEDELLIN E.S.P.,OPERACIÓN,HIDRAULICA,GEN. DISTRIBUIDA
GCC1,GUACAICA,1,0,SI,ND,AGUA,01/01/1992,NEIRA,CALDAS,EMPRESAS PUBLICAS DE MEDELLIN E.S.P.,OPERACIÓN,HIDRAULICA,GEN. DISTRIBUIDA
TQD1,TEQUENDAMA,19,0,SI,ND,AGUA,04/10/2004,SAN ANTONIODE TENA,CUNDINAMARCA,ENEL COLOMBIA SA ESP,INACTIVO,HIDRAULICA,NORMAL
JNC1,LA JUNCA,19,0,SI,ND,AGUA,01/01/2005,LA MESA,CUNDINAMARCA,ENEL COLOMBIA SA ESP,INACTIVO,HIDRAULICA,NORMAL
TIN1,LA TINTA,19,0,SI,ND,AGUA,12/06/2003,LA MESA,CUNDINAMARCA,ENEL COLOMBIA SA ESP,INACTIVO,HIDRAULICA,NORMAL
LMR1,EL LIMONAR,18,0,SI,ND,AGUA,12/06/2003,SAN ANTONIODE TENA,CUNDINAMARCA,ENEL COLOMBIA SA ESP,OPERACIÓN,HIDRAULICA,NORMAL
CQT1,CHARQUITO,19,1.1483,SI,ND,AGUA,08/22/2003,SOACHA,CUNDINAMARCA,ENEL COLOMBIA SA ESP,OPERACIÓN,HIDRAULICA,NORMAL
SUV1,SUEVA 2,6,0,SI,ND,AGUA,05/24/2002,JUNIN,CUNDINAMARCA,CEMEX ENERGY S.A.S E.S.P.,OPERACIÓN,HIDRAULICA,NORMAL
TMS1,RIOFRIO (TAMESIS),1,0,SI,ND,AGUA,01/01/1951,TAMESIS,ANTIOQUIA,EMPRESAS PUBLICAS DE MEDELLIN E.S.P.,OPERACIÓN,HIDRAULICA,GEN. DISTRIBUIDA
PTG1,PUENTE GUILLERMO,4,0,SI,ND,AGUA,09/01/2001,PUENTE NACIONAL,SANTANDER,ENERCO S.A. E.S.P.,OPERACIÓN,HIDRAULICA,NORMAL
AMF1,AMALFI,1,0,SI,ND,AGUA,08/05/2007,AMALFI,ANTIOQUIA,HZ ENERGY S.A.S. E.S.P.,OPERACIÓN,HIDRAULICA,GEN. DISTRIBUIDA
SJM1,SAN JOSE DE LA MONTAÑA,0,0,SI,ND,AGUA,07/30/2007,S. JOSELA MONTA,ANTIOQUIA,EMPRESA DE GENERACION Y PROMOCION DE ENERGIA DE ANTIOQUIA S.A. E.S.P.,OPERACIÓN,HIDRAULICA,GEN. DISTRIBUIDA
SNFR,SAN FRANCISCO,135,1.5781,NO,DC,AGUA,01/01/1969,CHINCHINA,CALDAS,EMPRESAS PUBLICAS DE MEDELLIN E.S.P.,OPERACIÓN,HIDRAULICA,FILO DE AGUA
SNCR,SAN CARLOS,1240,5.3679,NO,DC,AGUA,01/20/1984,SAN CARLOS,ANTIOQUIA,ISAGEN S.A. E.S.P.,OPERACIÓN,HIDRAULICA,NORMAL
SLVJ,SALVAJINA,315,0.8634,NO,DC,AGUA,07/20/1995,SUAREZ,CAUCA,CELSIA COLOMBIA S.A. E.S.P.,OPERACIÓN,HIDRAULICA,NORMAL
PBL1,PIEDRAS BLANCAS,5,0,SI,ND,AGUA,01/01/1900,MEDELLÍN,ANTIOQUIA,EMPRESAS PUBLICAS DE MEDELLIN E.S.P.,INACTIVO,HIDRAULICA,NORMAL
SNS1,SONSON,19,0,SI,ND,AGUA,06/01/2002,SONSON,ANTIOQUIA,EMPRESAS PUBLICAS DE MEDELLIN E.S.P.,OPERACIÓN,HIDRAULICA,NORMAL
RGRN,RIOGRANDE I,19,2.9147,SI,ND,AGUA,01/01/1956,DON MATIAS,ANTIOQUIA,EMPRESAS PUBLICAS DE MEDELLIN E.S.P.,OPERACIÓN,HIDRAULICA,NORMAL
RMYO,RIO MAYO,20,1.7,SI,ND,AGUA,07/20/1995,SAN PABLO,NARIÑO,CENTRALES ELECTRICAS DE NARIÑO S.A. E.S.P.,OPERACIÓN,HIDRAULICA,NORMAL
PRDO,PRADO,51,0.4941,NO,DC,AGUA,03/01/1973,PRADO,TOLIMA,CELSIA COLOMBIA S.A. E.S.P.,OPERACIÓN,HIDRAULICA,NORMAL
PLYS,PLAYAS,207,1.7319,NO,DC,AGUA,08/01/1988,SAN CARLOS,ANTIOQUIA,EMPRESAS PUBLICAS DE MEDELLIN E.S.P.,OPERACIÓN,HIDRAULICA,NORMAL
SPY1,RIO SAPUYES,2,0,SI,ND,AGUA,01/01/1954,TUQUERRES,NARIÑO,CENTRALES ELECTRICAS DE NARIÑO S.A. E.S.P.,OPERACIÓN,HIDRAULICA,NORMAL
PMR1,REMEDIOS,1,0,SI,ND,AGUA,09/19/2007,REMEDIOS,ANTIOQUIA,COMPAÑÍA INTEGRAL ENERGETICA S.A.S E.S.P,OPERACIÓN,HIDRAULICA,GEN. DISTRIBUIDA
CRC1,CARACOLI,4,0.8011,SI,ND,AGUA,01/01/1935,CARACOLI,ANTIOQUIA,EMPRESAS PUBLICAS DE MEDELLIN E.S.P.,OPERACIÓN,HIDRAULICA,NORMAL
VLT1,LA VUELTA,12,0,SI,ND,AGUA,11/22/2004,CANASGORDAS,ANTIOQUIA,EMPRESAS PUBLICAS DE MEDELLIN E.S.P.,OPERACIÓN,HIDRAULICA,NORMAL
LTSJ,LA TASAJERA,306,7.8396,NO,DC,AGUA,05/20/1994,GIRARDOTA,ANTIOQUIA,EMPRESAS PUBLICAS DE MEDELLIN E.S.P.,OPERACIÓN,HIDRAULICA,NORMAL
JAGS,JAGUAS,170,2.3764,NO,DC,AGUA,07/01/1988,SAN RAFAEL,ANTIOQUIA,ISAGEN S.A. E.S.P.,OPERACIÓN,HIDRAULICA,NORMAL
HRD1,LA HERRADURA,20,0.0001,SI,ND,AGUA,09/03/2004,CANASGORDAS,ANTIOQUIA,EMPRESAS PUBLICAS DE MEDELLIN E.S.P.,OPERACIÓN,HIDRAULICA,NORMAL
GVIO,GUAVIO,1250,9.8471,NO,DC,AGUA,03/19/1993,UBALA,CUNDINAMARCA,ENEL COLOMBIA SA ESP,OPERACIÓN,HIDRAULICA,NORMAL
GTPE,GUATAPE,560,7.1335,NO,DC,AGUA,01/01/1972,GUATAPÉ,ANTIOQUIA,EMPRESAS PUBLICAS DE MEDELLIN E.S.P.,OPERACIÓN,HIDRAULICA,NORMAL
CMN1,AUTOG CEMENTOS DEL NARE,9,0,NO,ND,AGUA,09/01/2004,PTO NARE,ANTIOQUIA,EMPRESAS PUBLICAS DE MEDELLIN E.S.P.,OPERACIÓN,HIDRAULICA,AUTOGENERADOR
PST1,PASTALES,1,0,SI,ND,AGUA,02/18/2004,PASTALES,TOLIMA,HIDROTOLIMA S.A. E.S.P.,OPERACIÓN,HIDRAULICA,GEN. DISTRIBUIDA
FLRD,FLORIDA,20,0.8333,SI,ND,AGUA,01/01/1975,POPAYAN,CAUCA,VATIA S.A. E.S.P.,OPERACIÓN,HIDRAULICA,NORMAL
OVJ1,OVEJAS,1,0,SI,ND,AGUA,01/01/1939,BUENOS AIRES,CAUCA,VATIA S.A. E.S.P.,OPERACIÓN,HIDRAULICA,GEN. DISTRIBUIDA
ESMR,ESMERALDA,30,1.3135,NO,DC,AGUA,01/01/1963,CHINCHINA,CALDAS,EMPRESAS PUBLICAS DE MEDELLIN E.S.P.,OPERACIÓN,HIDRAULICA,FILO DE AGUA
LBR1,NUEVO LIBARE,5,0,SI,ND,AGUA,01/01/1994,DOS QUEBRADAS,RISARALDA,EMPRESA DE ENERGIA DE PEREIRA S.A. E.S.P.,OPERACIÓN,HIDRAULICA,NORMAL
NIM1,NIMA,7,0,SI,ND,AGUA,01/01/1942,CALI,VALLE DEL CAUCA,CELSIA COLOMBIA S.A. E.S.P.,OPERACIÓN,HIDRAULICA,NORMAL
MNT1,MANANTIALES,3,0.633,SI,ND,AGUA,01/01/1992,MEDELLÍN,ANTIOQUIA,EMPRESAS PUBLICAS DE MEDELLIN E.S.P.,OPERACIÓN,HIDRAULICA,NORMAL
CMP2,CAMPESTRE (EPM),1,0.875,SI,ND,AGUA,01/01/1997,MEDELLÍN,ANTIOQUIA,EMPRESAS PUBLICAS DE MEDELLIN E.S.P.,OPERACIÓN,HIDRAULICA,NORMAL
CHVR,CHIVOR,1000,6.9482,NO,DC,AGUA,05/23/1977,SANTA MARIA,BOYACÁ,AES COLOMBIA & CIA. S.C.A. E.S.P.,OPERACIÓN,HIDRAULICA,NORMAL
BLL3,BELLO,0,1,SI,ND,AGUA,01/01/1997,BELLO,ANTIOQUIA,EMPRESAS PUBLICAS DE MEDELLIN E.S.P.,OPERACIÓN,HIDRAULICA,NORMAL
AYR1,AUTOG AYURA,17,2.437,SI,ND,AGUA,10/26/1983,ENVIGADO,ANTIOQUIA,EMPRESAS PUBLICAS DE MEDELLIN E.S.P.,OPERACIÓN,HIDRAULICA,AUTOGENERADOR
CLMG,CALIMA,132,1.8558,NO,DC,AGUA,01/01/1967,CALIMA (DARIEN),VALLE DEL CAUCA,CELSIA COLOMBIA S.A. E.S.P.,OPERACIÓN,HIDRAULICA,NORMAL
AMR1,AMERICA,0,0,SI,ND,AGUA,01/01/1997,MEDELLÍN,ANTIOQUIA,EMPRESAS PUBLICAS DE MEDELLIN E.S.P.,OPERACIÓN,HIDRAULICA,GEN. DISTRIBUIDA
CHBG,BETANIA,540,0.5896,NO,DC,AGUA,11/01/1987,YAGUARA,HUILA,ENEL COLOMBIA SA ESP,OPERACIÓN,HIDRAULICA,NORMAL
JPR1,JEPIRACHI 1 - 15,18,0,SI,ND,VIENTO,04/27/2004,URIBIA,LA GUAJIRA,EMPRESAS PUBLICAS DE MEDELLIN E.S.P.,OPERACIÓN,EOLICA,NORMAL
3AL8,INGENIO MARIA LUISA,2,0,NO,ND,BAGAZO,01/31/2021,FLORIDA,VALLE DEL CAUCA,DEPI ENERGY S.A.S. E.S.P.,INACTIVO,COGENERADOR,COGENERADOR
2UP2,COGENERADOR MANUELITA 2,12,0.00001,NO,ND,BAGAZO,06/22/2018,PALMIRA,VALLE DEL CAUCA,CELSIA COLOMBIA S.A. E.S.P.,OPERACIÓN,COGENERADOR,COGENERADOR
2SXQ,BIOENERGY,20,0,NO,ND,BAGAZO,04/22/2017,PUERTO LOPEZ,META,AES COLOMBIA & CIA. S.C.A. E.S.P.,OPERACIÓN,COGENERADOR,COGENERADOR
2SXS,COGENERADOR PROENCA II,17,0.1,NO,ND,CARBON,03/25/2017,CALOTO,CAUCA,PROYECTOS ENERGETICOS DEL CAUCA S.A. E.S.P.,INACTIVO,COGENERADOR,COGENERADOR
MAN1,INGENIO MANUELITA,4,0,NO,ND,BAGAZO,03/17/2016,CALI,VALLE DEL CAUCA,CELSIA COLOMBIA S.A. E.S.P.,INACTIVO,COGENERADOR,COGENERADOR
PNC1,COGENERADOR PROENCA,20,0,NO,ND,CARBON,04/29/2014,CALOTO,CAUCA,PROYECTOS ENERGETICOS DEL CAUCA S.A. E.S.P.,OPERACIÓN,COGENERADOR,COGENERADOR
CIS1,INGENIO SAN CARLOS 1,2,29.26,NO,ND,BAGAZO,07/23/2011,TULUA,VALLE DEL CAUCA,CELSIA COLOMBIA S.A. E.S.P.,OPERACIÓN,COGENERADOR,COGENERADOR
PIC1,INGENIO PICHICHI 1,0,0,NO,ND,BAGAZO,01/26/2010,GUACARI,VALLE DEL CAUCA,EMPRESA MUNICIPAL DE ENERGIA ELECTRICA S.A. E.S.P.,OPERACIÓN,COGENERADOR,COGENERADOR
CGM1,MAYAGUEZ 1,20,0,NO,ND,CARBON,08/17/2010,CANDELARIA,VALLE DEL CAUCA,CELSIA COLOMBIA S.A. E.S.P.,OPERACIÓN,COGENERADOR,COGENERADOR
ILC1,INGENIO LA CARMELITA,0,0,NO,ND,BAGAZO,11/11/2009,TULUA,VALLE DEL CAUCA,DEPI ENERGY S.A.S. E.S.P.,INACTIVO,COGENERADOR,COGENERADOR
CIP1,INGENIO PROVIDENCIA 2,20,0,NO,ND,CARBON,05/18/2009,EL CERRITO,VALLE DEL CAUCA,NITRO ENERGY COLOMBIA S.A.S. E.S.P.,OPERACIÓN,COGENERADOR,COGENERADOR
PPN1,PAPELES NACIONALES,0,0,NO,ND,GAS,02/05/2009,PEREIRA,RISARALDA,ENERCO S.A. E.S.P.,OPERACIÓN,COGENERADOR,COGENERADOR
CLTJ,COGENERADOR COLTEJER 1,9,0,NO,ND,CARBON,12/19/2013,ITAGUI,ANTIOQUIA,EMPRESAS PUBLICAS DE MEDELLIN E.S.P.,INACTIVO,COGENERADOR,COGENERADOR
CTMO,CENTRAL TUMACO 1,0,0,NO,ND,BAGAZO,03/25/2007,CALIMA (DARIEN),VALLE DEL CAUCA,CELSIA COLOMBIA S.A. E.S.P.,INACTIVO,COGENERADOR,COGENERADOR
RPL1,INGENIO RIOPAILA 1,16,0,NO,ND,BAGAZO,05/21/2018,ZARZAL,VALLE DEL CAUCA,RIOPAILA ENERGÍA S.A.S. E.S.P.,OPERACIÓN,COGENERADOR,COGENERADOR
CAS1,CENTRAL CASTILLA 1,3,0,NO,ND,BAGAZO,08/15/2004,PRADERA,VALLE DEL CAUCA,RIOPAILA ENERGÍA S.A.S. E.S.P.,OPERACIÓN,COGENERADOR,COGENERADOR
IRG1,INGENIO RISARALDA 1,20,0,NO,ND,BAGAZO,08/15/2003,BALBOA,RISARALDA,EMPRESA DE ENERGIA DE PEREIRA S.A. E.S.P.,OPERACIÓN,COGENERADOR,COGENERADOR
PNC1,COGENERADOR PROENCA 1,4,0,NO,ND,CARBON,01/01/1999,CALOTO,CAUCA,PROYECTOS ENERGETICOS DEL CAUCA S.A. E.S.P.,INACTIVO,COGENERADOR,COGENERADOR
INC1,INCAUCA 1,60,0,NO,ND,BAGAZO,10/21/1998,MIRANDA,CAUCA,NITRO ENERGY COLOMBIA S.A.S. E.S.P.,OPERACIÓN,COGENERADOR,COGENERADOR
BIOE,COGENERADOR BIOAISE 1,1,0,NO,ND,GAS,08/01/1998,CARTAGENA,BOLÍVAR,BIOAISE S.A.,INACTIVO,COGENERADOR,COGENERADOR
